Jill,Doe
Joe,Doe
Justin,Doe
Jane,Doe
John,Doe
Hoge1,Fuga1
Hoge2,Fuga2
Hoge3,Fuga3
Hoge4,Fuga4
Hoge5,Fuga5
Hoge6,Fuga6
Hoge7,Fuga7
Hoge8,Fuga8
Hoge9,Fuga9
Hoge10,Fuga10
Hoge11,Fuga11
Hoge12,Fuga12
Hoge13,Fuga13
Hoge14,Fuga14
Hoge15,Fuga15
Hoge16,Fuga16
Hoge17,Fuga17
Hoge18,Fuga18
Hoge19,Fuga19
Hoge20,Fuga20
Hoge21,Fuga21
Hoge22,Fuga22
Hoge23,Fuga23
Hoge24,Fuga24
Hoge25,Fuga25
Hoge26,Fuga26
Hoge27,Fuga27
Hoge28,Fuga28
Hoge29,Fuga29
Hoge30,Fuga30
Hoge31,Fuga31
Hoge32,Fuga32
Hoge33,Fuga33
Hoge34,Fuga34
Hoge35,Fuga35
Hoge36,Fuga36
Hoge37,Fuga37
Hoge38,Fuga38
Hoge39,Fuga39
Hoge40,Fuga40
Hoge41,Fuga41
Hoge42,Fuga42
Hoge43,Fuga43
Hoge44,Fuga44
Hoge45,Fuga45
Hoge46,Fuga46
Hoge47,Fuga47
Hoge48,Fuga48
Hoge49,Fuga49
Hoge50,Fuga50
Hoge51,Fuga51
Hoge52,Fuga52
Hoge53,Fuga53
Hoge54,Fuga54
Hoge55,Fuga55
Hoge56,Fuga56
Hoge57,Fuga57
Hoge58,Fuga58
Hoge59,Fuga59
Hoge60,Fuga60
Hoge61,Fuga61
Hoge62,Fuga62
Hoge63,Fuga63
Hoge64,Fuga64
Hoge65,Fuga65
Hoge66,Fuga66
Hoge67,Fuga67
Hoge68,Fuga68
Hoge69,Fuga69
Hoge70,Fuga70
Hoge71,Fuga71
Hoge72,Fuga72
Hoge73,Fuga73
Hoge74,Fuga74
Hoge75,Fuga75
Hoge76,Fuga76
Hoge77,Fuga77
Hoge78,Fuga78
Hoge79,Fuga79
Hoge80,Fuga80
Hoge81,Fuga81
Hoge82,Fuga82
Hoge83,Fuga83
Hoge84,Fuga84
Hoge85,Fuga85
Hoge86,Fuga86
Hoge87,Fuga87
Hoge88,Fuga88
Hoge89,Fuga89
Hoge90,Fuga90
Hoge91,Fuga91
Hoge92,Fuga92
Hoge93,Fuga93
Hoge94,Fuga94
Hoge95,Fuga95
Hoge96,Fuga96
Hoge97,Fuga97
Hoge98,Fuga98
Hoge99,Fuga99
Hoge100,Fuga100
Hoge101,Fuga101
Hoge102,Fuga102
Hoge103,Fuga103
Hoge104,Fuga104
Hoge105,Fuga105
Hoge106,Fuga106
Hoge107,Fuga107
Hoge108,Fuga108
Hoge109,Fuga109
Hoge110,Fuga110
Hoge111,Fuga111
Hoge112,Fuga112
Hoge113,Fuga113
Hoge114,Fuga114
Hoge115,Fuga115
Hoge116,Fuga116
Hoge117,Fuga117
Hoge118,Fuga118
Hoge119,Fuga119
Hoge120,Fuga120
Hoge121,Fuga121
Hoge122,Fuga122
Hoge123,Fuga123
Hoge124,Fuga124
Hoge125,Fuga125
Hoge126,Fuga126
Hoge127,Fuga127
Hoge128,Fuga128
Hoge129,Fuga129
Hoge130,Fuga130
Hoge131,Fuga131
Hoge132,Fuga132
Hoge133,Fuga133
Hoge134,Fuga134
Hoge135,Fuga135
Hoge136,Fuga136
Hoge137,Fuga137
Hoge138,Fuga138
Hoge139,Fuga139
Hoge140,Fuga140
Hoge141,Fuga141
Hoge142,Fuga142
Hoge143,Fuga143
Hoge144,Fuga144
Hoge145,Fuga145
Hoge146,Fuga146
Hoge147,Fuga147
Hoge148,Fuga148
Hoge149,Fuga149
Hoge150,Fuga150
Hoge151,Fuga151
Hoge152,Fuga152
Hoge153,Fuga153
Hoge154,Fuga154
Hoge155,Fuga155
Hoge156,Fuga156
Hoge157,Fuga157
Hoge158,Fuga158
Hoge159,Fuga159
Hoge160,Fuga160
Hoge161,Fuga161
Hoge162,Fuga162
Hoge163,Fuga163
Hoge164,Fuga164
Hoge165,Fuga165
Hoge166,Fuga166
Hoge167,Fuga167
Hoge168,Fuga168
Hoge169,Fuga169
Hoge170,Fuga170
Hoge171,Fuga171
Hoge172,Fuga172
Hoge173,Fuga173
Hoge174,Fuga174
Hoge175,Fuga175
Hoge176,Fuga176
Hoge177,Fuga177
Hoge178,Fuga178
Hoge179,Fuga179
Hoge180,Fuga180
Hoge181,Fuga181
Hoge182,Fuga182
Hoge183,Fuga183
Hoge184,Fuga184
Hoge185,Fuga185
Hoge186,Fuga186
Hoge187,Fuga187
Hoge188,Fuga188
Hoge189,Fuga189
Hoge190,Fuga190
Hoge191,Fuga191
Hoge192,Fuga192
Hoge193,Fuga193
Hoge194,Fuga194
Hoge195,Fuga195
Hoge196,Fuga196
Hoge197,Fuga197
Hoge198,Fuga198
Hoge199,Fuga199
Hoge200,Fuga200
Hoge201,Fuga201
Hoge202,Fuga202
Hoge203,Fuga203
Hoge204,Fuga204
Hoge205,Fuga205
Hoge206,Fuga206
Hoge207,Fuga207
Hoge208,Fuga208
Hoge209,Fuga209
Hoge210,Fuga210
Hoge211,Fuga211
Hoge212,Fuga212
Hoge213,Fuga213
Hoge214,Fuga214
Hoge215,Fuga215
Hoge216,Fuga216
Hoge217,Fuga217
Hoge218,Fuga218
Hoge219,Fuga219
Hoge220,Fuga220
Hoge221,Fuga221
Hoge222,Fuga222
Hoge223,Fuga223
Hoge224,Fuga224
Hoge225,Fuga225
Hoge226,Fuga226
Hoge227,Fuga227
Hoge228,Fuga228
Hoge229,Fuga229
Hoge230,Fuga230
Hoge231,Fuga231
Hoge232,Fuga232
Hoge233,Fuga233
Hoge234,Fuga234
Hoge235,Fuga235
Hoge236,Fuga236
Hoge237,Fuga237
Hoge238,Fuga238
Hoge239,Fuga239
Hoge240,Fuga240
Hoge241,Fuga241
Hoge242,Fuga242
Hoge243,Fuga243
Hoge244,Fuga244
Hoge245,Fuga245
Hoge246,Fuga246
Hoge247,Fuga247
Hoge248,Fuga248
Hoge249,Fuga249
Hoge250,Fuga250
Hoge251,Fuga251
Hoge252,Fuga252
Hoge253,Fuga253
Hoge254,Fuga254
Hoge255,Fuga255
Hoge256,Fuga256
Hoge257,Fuga257
Hoge258,Fuga258
Hoge259,Fuga259
Hoge260,Fuga260
Hoge261,Fuga261
Hoge262,Fuga262
Hoge263,Fuga263
Hoge264,Fuga264
Hoge265,Fuga265
Hoge266,Fuga266
Hoge267,Fuga267
Hoge268,Fuga268
Hoge269,Fuga269
Hoge270,Fuga270
Hoge271,Fuga271
Hoge272,Fuga272
Hoge273,Fuga273
Hoge274,Fuga274
Hoge275,Fuga275
Hoge276,Fuga276
Hoge277,Fuga277
Hoge278,Fuga278
Hoge279,Fuga279
Hoge280,Fuga280
Hoge281,Fuga281
Hoge282,Fuga282
Hoge283,Fuga283
Hoge284,Fuga284
Hoge285,Fuga285
Hoge286,Fuga286
Hoge287,Fuga287
Hoge288,Fuga288
Hoge289,Fuga289
Hoge290,Fuga290
Hoge291,Fuga291
Hoge292,Fuga292
Hoge293,Fuga293
Hoge294,Fuga294
Hoge295,Fuga295
Hoge296,Fuga296
Hoge297,Fuga297
Hoge298,Fuga298
Hoge299,Fuga299
Hoge300,Fuga300
Hoge301,Fuga301
Hoge302,Fuga302
Hoge303,Fuga303
Hoge304,Fuga304
Hoge305,Fuga305
Hoge306,Fuga306
Hoge307,Fuga307
Hoge308,Fuga308
Hoge309,Fuga309
Hoge310,Fuga310
Hoge311,Fuga311
Hoge312,Fuga312
Hoge313,Fuga313
Hoge314,Fuga314
Hoge315,Fuga315
Hoge316,Fuga316
Hoge317,Fuga317
Hoge318,Fuga318
Hoge319,Fuga319
Hoge320,Fuga320
Hoge321,Fuga321
Hoge322,Fuga322
Hoge323,Fuga323
Hoge324,Fuga324
Hoge325,Fuga325
Hoge326,Fuga326
Hoge327,Fuga327
Hoge328,Fuga328
Hoge329,Fuga329
Hoge330,Fuga330
Hoge331,Fuga331
Hoge332,Fuga332
Hoge333,Fuga333
Hoge334,Fuga334
Hoge335,Fuga335
Hoge336,Fuga336
Hoge337,Fuga337
Hoge338,Fuga338
Hoge339,Fuga339
Hoge340,Fuga340
Hoge341,Fuga341
Hoge342,Fuga342
Hoge343,Fuga343
Hoge344,Fuga344
Hoge345,Fuga345
Hoge346,Fuga346
Hoge347,Fuga347
Hoge348,Fuga348
Hoge349,Fuga349
Hoge350,Fuga350
Hoge351,Fuga351
Hoge352,Fuga352
Hoge353,Fuga353
Hoge354,Fuga354
Hoge355,Fuga355
Hoge356,Fuga356
Hoge357,Fuga357
Hoge358,Fuga358
Hoge359,Fuga359
Hoge360,Fuga360
Hoge361,Fuga361
Hoge362,Fuga362
Hoge363,Fuga363
Hoge364,Fuga364
Hoge365,Fuga365
Hoge366,Fuga366
Hoge367,Fuga367
Hoge368,Fuga368
Hoge369,Fuga369
Hoge370,Fuga370
Hoge371,Fuga371
Hoge372,Fuga372
Hoge373,Fuga373
Hoge374,Fuga374
Hoge375,Fuga375
Hoge376,Fuga376
Hoge377,Fuga377
Hoge378,Fuga378
Hoge379,Fuga379
Hoge380,Fuga380
Hoge381,Fuga381
Hoge382,Fuga382
Hoge383,Fuga383
Hoge384,Fuga384
Hoge385,Fuga385
Hoge386,Fuga386
Hoge387,Fuga387
Hoge388,Fuga388
Hoge389,Fuga389
Hoge390,Fuga390
Hoge391,Fuga391
Hoge392,Fuga392
Hoge393,Fuga393
Hoge394,Fuga394
Hoge395,Fuga395
Hoge396,Fuga396
Hoge397,Fuga397
Hoge398,Fuga398
Hoge399,Fuga399
Hoge400,Fuga400
Hoge401,Fuga401
Hoge402,Fuga402
Hoge403,Fuga403
Hoge404,Fuga404
Hoge405,Fuga405
Hoge406,Fuga406
Hoge407,Fuga407
Hoge408,Fuga408
Hoge409,Fuga409
Hoge410,Fuga410
Hoge411,Fuga411
Hoge412,Fuga412
Hoge413,Fuga413
Hoge414,Fuga414
Hoge415,Fuga415
Hoge416,Fuga416
Hoge417,Fuga417
Hoge418,Fuga418
Hoge419,Fuga419
Hoge420,Fuga420
Hoge421,Fuga421
Hoge422,Fuga422
Hoge423,Fuga423
Hoge424,Fuga424
Hoge425,Fuga425
Hoge426,Fuga426
Hoge427,Fuga427
Hoge428,Fuga428
Hoge429,Fuga429
Hoge430,Fuga430
Hoge431,Fuga431
Hoge432,Fuga432
Hoge433,Fuga433
Hoge434,Fuga434
Hoge435,Fuga435
Hoge436,Fuga436
Hoge437,Fuga437
Hoge438,Fuga438
Hoge439,Fuga439
Hoge440,Fuga440
Hoge441,Fuga441
Hoge442,Fuga442
Hoge443,Fuga443
Hoge444,Fuga444
Hoge445,Fuga445
Hoge446,Fuga446
Hoge447,Fuga447
Hoge448,Fuga448
Hoge449,Fuga449
Hoge450,Fuga450
Hoge451,Fuga451
Hoge452,Fuga452
Hoge453,Fuga453
Hoge454,Fuga454
Hoge455,Fuga455
Hoge456,Fuga456
Hoge457,Fuga457
Hoge458,Fuga458
Hoge459,Fuga459
Hoge460,Fuga460
Hoge461,Fuga461
Hoge462,Fuga462
Hoge463,Fuga463
Hoge464,Fuga464
Hoge465,Fuga465
Hoge466,Fuga466
Hoge467,Fuga467
Hoge468,Fuga468
Hoge469,Fuga469
Hoge470,Fuga470
Hoge471,Fuga471
Hoge472,Fuga472
Hoge473,Fuga473
Hoge474,Fuga474
Hoge475,Fuga475
Hoge476,Fuga476
Hoge477,Fuga477
Hoge478,Fuga478
Hoge479,Fuga479
Hoge480,Fuga480
Hoge481,Fuga481
Hoge482,Fuga482
Hoge483,Fuga483
Hoge484,Fuga484
Hoge485,Fuga485
Hoge486,Fuga486
Hoge487,Fuga487
Hoge488,Fuga488
Hoge489,Fuga489
Hoge490,Fuga490
Hoge491,Fuga491
Hoge492,Fuga492
Hoge493,Fuga493
Hoge494,Fuga494
Hoge495,Fuga495
Hoge496,Fuga496
Hoge497,Fuga497
Hoge498,Fuga498
Hoge499,Fuga499
Hoge500,Fuga500
Hoge501,Fuga501
Hoge502,Fuga502
Hoge503,Fuga503
Hoge504,Fuga504
Hoge505,Fuga505
Hoge506,Fuga506
Hoge507,Fuga507
Hoge508,Fuga508
Hoge509,Fuga509
Hoge510,Fuga510
Hoge511,Fuga511
Hoge512,Fuga512
Hoge513,Fuga513
Hoge514,Fuga514
Hoge515,Fuga515
Hoge516,Fuga516
Hoge517,Fuga517
Hoge518,Fuga518
Hoge519,Fuga519
Hoge520,Fuga520
Hoge521,Fuga521
Hoge522,Fuga522
Hoge523,Fuga523
Hoge524,Fuga524
Hoge525,Fuga525
Hoge526,Fuga526
Hoge527,Fuga527
Hoge528,Fuga528
Hoge529,Fuga529
Hoge530,Fuga530
Hoge531,Fuga531
Hoge532,Fuga532
Hoge533,Fuga533
Hoge534,Fuga534
Hoge535,Fuga535
Hoge536,Fuga536
Hoge537,Fuga537
Hoge538,Fuga538
Hoge539,Fuga539
Hoge540,Fuga540
Hoge541,Fuga541
Hoge542,Fuga542
Hoge543,Fuga543
Hoge544,Fuga544
Hoge545,Fuga545
Hoge546,Fuga546
Hoge547,Fuga547
Hoge548,Fuga548
Hoge549,Fuga549
Hoge550,Fuga550
Hoge551,Fuga551
Hoge552,Fuga552
Hoge553,Fuga553
Hoge554,Fuga554
Hoge555,Fuga555
Hoge556,Fuga556
Hoge557,Fuga557
Hoge558,Fuga558
Hoge559,Fuga559
Hoge560,Fuga560
Hoge561,Fuga561
Hoge562,Fuga562
Hoge563,Fuga563
Hoge564,Fuga564
Hoge565,Fuga565
Hoge566,Fuga566
Hoge567,Fuga567
Hoge568,Fuga568
Hoge569,Fuga569
Hoge570,Fuga570
Hoge571,Fuga571
Hoge572,Fuga572
Hoge573,Fuga573
Hoge574,Fuga574
Hoge575,Fuga575
Hoge576,Fuga576
Hoge577,Fuga577
Hoge578,Fuga578
Hoge579,Fuga579
Hoge580,Fuga580
Hoge581,Fuga581
Hoge582,Fuga582
Hoge583,Fuga583
Hoge584,Fuga584
Hoge585,Fuga585
Hoge586,Fuga586
Hoge587,Fuga587
Hoge588,Fuga588
Hoge589,Fuga589
Hoge590,Fuga590
Hoge591,Fuga591
Hoge592,Fuga592
Hoge593,Fuga593
Hoge594,Fuga594
Hoge595,Fuga595
Hoge596,Fuga596
Hoge597,Fuga597
Hoge598,Fuga598
Hoge599,Fuga599
Hoge600,Fuga600
Hoge601,Fuga601
Hoge602,Fuga602
Hoge603,Fuga603
Hoge604,Fuga604
Hoge605,Fuga605
Hoge606,Fuga606
Hoge607,Fuga607
Hoge608,Fuga608
Hoge609,Fuga609
Hoge610,Fuga610
Hoge611,Fuga611
Hoge612,Fuga612
Hoge613,Fuga613
Hoge614,Fuga614
Hoge615,Fuga615
Hoge616,Fuga616
Hoge617,Fuga617
Hoge618,Fuga618
Hoge619,Fuga619
Hoge620,Fuga620
Hoge621,Fuga621
Hoge622,Fuga622
Hoge623,Fuga623
Hoge624,Fuga624
Hoge625,Fuga625
Hoge626,Fuga626
Hoge627,Fuga627
Hoge628,Fuga628
Hoge629,Fuga629
Hoge630,Fuga630
Hoge631,Fuga631
Hoge632,Fuga632
Hoge633,Fuga633
Hoge634,Fuga634
Hoge635,Fuga635
Hoge636,Fuga636
Hoge637,Fuga637
Hoge638,Fuga638
Hoge639,Fuga639
Hoge640,Fuga640
Hoge641,Fuga641
Hoge642,Fuga642
Hoge643,Fuga643
Hoge644,Fuga644
Hoge645,Fuga645
Hoge646,Fuga646
Hoge647,Fuga647
Hoge648,Fuga648
Hoge649,Fuga649
Hoge650,Fuga650
Hoge651,Fuga651
Hoge652,Fuga652
Hoge653,Fuga653
Hoge654,Fuga654
Hoge655,Fuga655
Hoge656,Fuga656
Hoge657,Fuga657
Hoge658,Fuga658
Hoge659,Fuga659
Hoge660,Fuga660
Hoge661,Fuga661
Hoge662,Fuga662
Hoge663,Fuga663
Hoge664,Fuga664
Hoge665,Fuga665
Hoge666,Fuga666
Hoge667,Fuga667
Hoge668,Fuga668
Hoge669,Fuga669
Hoge670,Fuga670
Hoge671,Fuga671
Hoge672,Fuga672
Hoge673,Fuga673
Hoge674,Fuga674
Hoge675,Fuga675
Hoge676,Fuga676
Hoge677,Fuga677
Hoge678,Fuga678
Hoge679,Fuga679
Hoge680,Fuga680
Hoge681,Fuga681
Hoge682,Fuga682
Hoge683,Fuga683
Hoge684,Fuga684
Hoge685,Fuga685
Hoge686,Fuga686
Hoge687,Fuga687
Hoge688,Fuga688
Hoge689,Fuga689
Hoge690,Fuga690
Hoge691,Fuga691
Hoge692,Fuga692
Hoge693,Fuga693
Hoge694,Fuga694
Hoge695,Fuga695
Hoge696,Fuga696
Hoge697,Fuga697
Hoge698,Fuga698
Hoge699,Fuga699
Hoge700,Fuga700
Hoge701,Fuga701
Hoge702,Fuga702
Hoge703,Fuga703
Hoge704,Fuga704
Hoge705,Fuga705
Hoge706,Fuga706
Hoge707,Fuga707
Hoge708,Fuga708
Hoge709,Fuga709
Hoge710,Fuga710
Hoge711,Fuga711
Hoge712,Fuga712
Hoge713,Fuga713
Hoge714,Fuga714
Hoge715,Fuga715
Hoge716,Fuga716
Hoge717,Fuga717
Hoge718,Fuga718
Hoge719,Fuga719
Hoge720,Fuga720
Hoge721,Fuga721
Hoge722,Fuga722
Hoge723,Fuga723
Hoge724,Fuga724
Hoge725,Fuga725
Hoge726,Fuga726
Hoge727,Fuga727
Hoge728,Fuga728
Hoge729,Fuga729
Hoge730,Fuga730
Hoge731,Fuga731
Hoge732,Fuga732
Hoge733,Fuga733
Hoge734,Fuga734
Hoge735,Fuga735
Hoge736,Fuga736
Hoge737,Fuga737
Hoge738,Fuga738
Hoge739,Fuga739
Hoge740,Fuga740
Hoge741,Fuga741
Hoge742,Fuga742
Hoge743,Fuga743
Hoge744,Fuga744
Hoge745,Fuga745
Hoge746,Fuga746
Hoge747,Fuga747
Hoge748,Fuga748
Hoge749,Fuga749
Hoge750,Fuga750
Hoge751,Fuga751
Hoge752,Fuga752
Hoge753,Fuga753
Hoge754,Fuga754
Hoge755,Fuga755
Hoge756,Fuga756
Hoge757,Fuga757
Hoge758,Fuga758
Hoge759,Fuga759
Hoge760,Fuga760
Hoge761,Fuga761
Hoge762,Fuga762
Hoge763,Fuga763
Hoge764,Fuga764
Hoge765,Fuga765
Hoge766,Fuga766
Hoge767,Fuga767
Hoge768,Fuga768
Hoge769,Fuga769
Hoge770,Fuga770
Hoge771,Fuga771
Hoge772,Fuga772
Hoge773,Fuga773
Hoge774,Fuga774
Hoge775,Fuga775
Hoge776,Fuga776
Hoge777,Fuga777
Hoge778,Fuga778
Hoge779,Fuga779
Hoge780,Fuga780
Hoge781,Fuga781
Hoge782,Fuga782
Hoge783,Fuga783
Hoge784,Fuga784
Hoge785,Fuga785
Hoge786,Fuga786
Hoge787,Fuga787
Hoge788,Fuga788
Hoge789,Fuga789
Hoge790,Fuga790
Hoge791,Fuga791
Hoge792,Fuga792
Hoge793,Fuga793
Hoge794,Fuga794
Hoge795,Fuga795
Hoge796,Fuga796
Hoge797,Fuga797
Hoge798,Fuga798
Hoge799,Fuga799
Hoge800,Fuga800
Hoge801,Fuga801
Hoge802,Fuga802
Hoge803,Fuga803
Hoge804,Fuga804
Hoge805,Fuga805
Hoge806,Fuga806
Hoge807,Fuga807
Hoge808,Fuga808
Hoge809,Fuga809
Hoge810,Fuga810
Hoge811,Fuga811
Hoge812,Fuga812
Hoge813,Fuga813
Hoge814,Fuga814
Hoge815,Fuga815
Hoge816,Fuga816
Hoge817,Fuga817
Hoge818,Fuga818
Hoge819,Fuga819
Hoge820,Fuga820
Hoge821,Fuga821
Hoge822,Fuga822
Hoge823,Fuga823
Hoge824,Fuga824
Hoge825,Fuga825
Hoge826,Fuga826
Hoge827,Fuga827
Hoge828,Fuga828
Hoge829,Fuga829
Hoge830,Fuga830
Hoge831,Fuga831
Hoge832,Fuga832
Hoge833,Fuga833
Hoge834,Fuga834
Hoge835,Fuga835
Hoge836,Fuga836
Hoge837,Fuga837
Hoge838,Fuga838
Hoge839,Fuga839
Hoge840,Fuga840
Hoge841,Fuga841
Hoge842,Fuga842
Hoge843,Fuga843
Hoge844,Fuga844
Hoge845,Fuga845
Hoge846,Fuga846
Hoge847,Fuga847
Hoge848,Fuga848
Hoge849,Fuga849
Hoge850,Fuga850
Hoge851,Fuga851
Hoge852,Fuga852
Hoge853,Fuga853
Hoge854,Fuga854
Hoge855,Fuga855
Hoge856,Fuga856
Hoge857,Fuga857
Hoge858,Fuga858
Hoge859,Fuga859
Hoge860,Fuga860
Hoge861,Fuga861
Hoge862,Fuga862
Hoge863,Fuga863
Hoge864,Fuga864
Hoge865,Fuga865
Hoge866,Fuga866
Hoge867,Fuga867
Hoge868,Fuga868
Hoge869,Fuga869
Hoge870,Fuga870
Hoge871,Fuga871
Hoge872,Fuga872
Hoge873,Fuga873
Hoge874,Fuga874
Hoge875,Fuga875
Hoge876,Fuga876
Hoge877,Fuga877
Hoge878,Fuga878
Hoge879,Fuga879
Hoge880,Fuga880
Hoge881,Fuga881
Hoge882,Fuga882
Hoge883,Fuga883
Hoge884,Fuga884
Hoge885,Fuga885
Hoge886,Fuga886
Hoge887,Fuga887
Hoge888,Fuga888
Hoge889,Fuga889
Hoge890,Fuga890
Hoge891,Fuga891
Hoge892,Fuga892
Hoge893,Fuga893
Hoge894,Fuga894
Hoge895,Fuga895
Hoge896,Fuga896
Hoge897,Fuga897
Hoge898,Fuga898
Hoge899,Fuga899
Hoge900,Fuga900
Hoge901,Fuga901
Hoge902,Fuga902
Hoge903,Fuga903
Hoge904,Fuga904
Hoge905,Fuga905
Hoge906,Fuga906
Hoge907,Fuga907
Hoge908,Fuga908
Hoge909,Fuga909
Hoge910,Fuga910
Hoge911,Fuga911
Hoge912,Fuga912
Hoge913,Fuga913
Hoge914,Fuga914
Hoge915,Fuga915
Hoge916,Fuga916
Hoge917,Fuga917
Hoge918,Fuga918
Hoge919,Fuga919
Hoge920,Fuga920
Hoge921,Fuga921
Hoge922,Fuga922
Hoge923,Fuga923
Hoge924,Fuga924
Hoge925,Fuga925
Hoge926,Fuga926
Hoge927,Fuga927
Hoge928,Fuga928
Hoge929,Fuga929
Hoge930,Fuga930
Hoge931,Fuga931
Hoge932,Fuga932
Hoge933,Fuga933
Hoge934,Fuga934
Hoge935,Fuga935
Hoge936,Fuga936
Hoge937,Fuga937
Hoge938,Fuga938
Hoge939,Fuga939
Hoge940,Fuga940
Hoge941,Fuga941
Hoge942,Fuga942
Hoge943,Fuga943
Hoge944,Fuga944
Hoge945,Fuga945
Hoge946,Fuga946
Hoge947,Fuga947
Hoge948,Fuga948
Hoge949,Fuga949
Hoge950,Fuga950
Hoge951,Fuga951
Hoge952,Fuga952
Hoge953,Fuga953
Hoge954,Fuga954
Hoge955,Fuga955
Hoge956,Fuga956
Hoge957,Fuga957
Hoge958,Fuga958
Hoge959,Fuga959
Hoge960,Fuga960
Hoge961,Fuga961
Hoge962,Fuga962
Hoge963,Fuga963
Hoge964,Fuga964
Hoge965,Fuga965
Hoge966,Fuga966
Hoge967,Fuga967
Hoge968,Fuga968
Hoge969,Fuga969
Hoge970,Fuga970
Hoge971,Fuga971
Hoge972,Fuga972
Hoge973,Fuga973
Hoge974,Fuga974
Hoge975,Fuga975
Hoge976,Fuga976
Hoge977,Fuga977
Hoge978,Fuga978
Hoge979,Fuga979
Hoge980,Fuga980
Hoge981,Fuga981
Hoge982,Fuga982
Hoge983,Fuga983
Hoge984,Fuga984
Hoge985,Fuga985
Hoge986,Fuga986
Hoge987,Fuga987
Hoge988,Fuga988
Hoge989,Fuga989
Hoge990,Fuga990
Hoge991,Fuga991
Hoge992,Fuga992
Hoge993,Fuga993
Hoge994,Fuga994
Hoge995,Fuga995
Hoge996,Fuga996
Hoge997,Fuga997
Hoge998,Fuga998
Hoge999,Fuga999
Hoge1000,Fuga1000
Hoge1001,Fuga1001
Hoge1002,Fuga1002
Hoge1003,Fuga1003
Hoge1004,Fuga1004
Hoge1005,Fuga1005
Hoge1006,Fuga1006
Hoge1007,Fuga1007
Hoge1008,Fuga1008
Hoge1009,Fuga1009
Hoge1010,Fuga1010
Hoge1011,Fuga1011
Hoge1012,Fuga1012
Hoge1013,Fuga1013
Hoge1014,Fuga1014
Hoge1015,Fuga1015
Hoge1016,Fuga1016
Hoge1017,Fuga1017
Hoge1018,Fuga1018
Hoge1019,Fuga1019
Hoge1020,Fuga1020
Hoge1021,Fuga1021
Hoge1022,Fuga1022
Hoge1023,Fuga1023
Hoge1024,Fuga1024
Hoge1025,Fuga1025
Hoge1026,Fuga1026
Hoge1027,Fuga1027
Hoge1028,Fuga1028
Hoge1029,Fuga1029
Hoge1030,Fuga1030
Hoge1031,Fuga1031
Hoge1032,Fuga1032
Hoge1033,Fuga1033
Hoge1034,Fuga1034
Hoge1035,Fuga1035
Hoge1036,Fuga1036
Hoge1037,Fuga1037
Hoge1038,Fuga1038
Hoge1039,Fuga1039
Hoge1040,Fuga1040
Hoge1041,Fuga1041
Hoge1042,Fuga1042
Hoge1043,Fuga1043
Hoge1044,Fuga1044
Hoge1045,Fuga1045
Hoge1046,Fuga1046
Hoge1047,Fuga1047
Hoge1048,Fuga1048
Hoge1049,Fuga1049
Hoge1050,Fuga1050
Hoge1051,Fuga1051
Hoge1052,Fuga1052
Hoge1053,Fuga1053
Hoge1054,Fuga1054
Hoge1055,Fuga1055
Hoge1056,Fuga1056
Hoge1057,Fuga1057
Hoge1058,Fuga1058
Hoge1059,Fuga1059
Hoge1060,Fuga1060
Hoge1061,Fuga1061
Hoge1062,Fuga1062
Hoge1063,Fuga1063
Hoge1064,Fuga1064
Hoge1065,Fuga1065
Hoge1066,Fuga1066
Hoge1067,Fuga1067
Hoge1068,Fuga1068
Hoge1069,Fuga1069
Hoge1070,Fuga1070
Hoge1071,Fuga1071
Hoge1072,Fuga1072
Hoge1073,Fuga1073
Hoge1074,Fuga1074
Hoge1075,Fuga1075
Hoge1076,Fuga1076
Hoge1077,Fuga1077
Hoge1078,Fuga1078
Hoge1079,Fuga1079
Hoge1080,Fuga1080
Hoge1081,Fuga1081
Hoge1082,Fuga1082
Hoge1083,Fuga1083
Hoge1084,Fuga1084
Hoge1085,Fuga1085
Hoge1086,Fuga1086
Hoge1087,Fuga1087
Hoge1088,Fuga1088
Hoge1089,Fuga1089
Hoge1090,Fuga1090
Hoge1091,Fuga1091
Hoge1092,Fuga1092
Hoge1093,Fuga1093
Hoge1094,Fuga1094
Hoge1095,Fuga1095
Hoge1096,Fuga1096
Hoge1097,Fuga1097
Hoge1098,Fuga1098
Hoge1099,Fuga1099
Hoge1100,Fuga1100
Hoge1101,Fuga1101
Hoge1102,Fuga1102
Hoge1103,Fuga1103
Hoge1104,Fuga1104
Hoge1105,Fuga1105
Hoge1106,Fuga1106
Hoge1107,Fuga1107
Hoge1108,Fuga1108
Hoge1109,Fuga1109
Hoge1110,Fuga1110
Hoge1111,Fuga1111
Hoge1112,Fuga1112
Hoge1113,Fuga1113
Hoge1114,Fuga1114
Hoge1115,Fuga1115
Hoge1116,Fuga1116
Hoge1117,Fuga1117
Hoge1118,Fuga1118
Hoge1119,Fuga1119
Hoge1120,Fuga1120
Hoge1121,Fuga1121
Hoge1122,Fuga1122
Hoge1123,Fuga1123
Hoge1124,Fuga1124
Hoge1125,Fuga1125
Hoge1126,Fuga1126
Hoge1127,Fuga1127
Hoge1128,Fuga1128
Hoge1129,Fuga1129
Hoge1130,Fuga1130
Hoge1131,Fuga1131
Hoge1132,Fuga1132
Hoge1133,Fuga1133
Hoge1134,Fuga1134
Hoge1135,Fuga1135
Hoge1136,Fuga1136
Hoge1137,Fuga1137
Hoge1138,Fuga1138
Hoge1139,Fuga1139
Hoge1140,Fuga1140
Hoge1141,Fuga1141
Hoge1142,Fuga1142
Hoge1143,Fuga1143
Hoge1144,Fuga1144
Hoge1145,Fuga1145
Hoge1146,Fuga1146
Hoge1147,Fuga1147
Hoge1148,Fuga1148
Hoge1149,Fuga1149
Hoge1150,Fuga1150
Hoge1151,Fuga1151
Hoge1152,Fuga1152
Hoge1153,Fuga1153
Hoge1154,Fuga1154
Hoge1155,Fuga1155
Hoge1156,Fuga1156
Hoge1157,Fuga1157
Hoge1158,Fuga1158
Hoge1159,Fuga1159
Hoge1160,Fuga1160
Hoge1161,Fuga1161
Hoge1162,Fuga1162
Hoge1163,Fuga1163
Hoge1164,Fuga1164
Hoge1165,Fuga1165
Hoge1166,Fuga1166
Hoge1167,Fuga1167
Hoge1168,Fuga1168
Hoge1169,Fuga1169
Hoge1170,Fuga1170
Hoge1171,Fuga1171
Hoge1172,Fuga1172
Hoge1173,Fuga1173
Hoge1174,Fuga1174
Hoge1175,Fuga1175
Hoge1176,Fuga1176
Hoge1177,Fuga1177
Hoge1178,Fuga1178
Hoge1179,Fuga1179
Hoge1180,Fuga1180
Hoge1181,Fuga1181
Hoge1182,Fuga1182
Hoge1183,Fuga1183
Hoge1184,Fuga1184
A1,B1
A2,B2
A3,B3
A4,B4
A5,B5
A6,B6
A7,B7
A8,B8
A9,B9
A10,B10
A11,B11
A12,B12
A13,B13
A14,B14
A15,B15
A16,B16
A17,B17
A18,B18
A19,B19
A20,B20
A21,B21
A22,B22
A23,B23
A24,B24
A25,B25
A26,B26
A27,B27
A28,B28
A29,B29
A30,B30
A31,B31
A32,B32
A33,B33
A34,B34
A35,B35
A36,B36
A37,B37
A38,B38
A39,B39
A40,B40
A41,B41
A42,B42
A43,B43
A44,B44
A45,B45
A46,B46
A47,B47
A48,B48
A49,B49
A50,B50
A51,B51
A52,B52
A53,B53
A54,B54
A55,B55
A56,B56
A57,B57
A58,B58
A59,B59
A60,B60
A61,B61
A62,B62
A63,B63
A64,B64
A65,B65
A66,B66
A67,B67
A68,B68
A69,B69
A70,B70
A71,B71
A72,B72
A73,B73
A74,B74
A75,B75
A76,B76
A77,B77
A78,B78
A79,B79
A80,B80
A81,B81
A82,B82
A83,B83
A84,B84
A85,B85
A86,B86
A87,B87
A88,B88
A89,B89
A90,B90
A91,B91
A92,B92
A93,B93
A94,B94
A95,B95
A96,B96
A97,B97
A98,B98
A99,B99
A100,B100
A101,B101
A102,B102
A103,B103
A104,B104
A105,B105
A106,B106
A107,B107
A108,B108
A109,B109
A110,B110
A111,B111
A112,B112
A113,B113
A114,B114
A115,B115
A116,B116
A117,B117
A118,B118
A119,B119
A120,B120
A121,B121
A122,B122
A123,B123
A124,B124
A125,B125
A126,B126
A127,B127
A128,B128
A129,B129
A130,B130
A131,B131
A132,B132
A133,B133
A134,B134
A135,B135
A136,B136
A137,B137
A138,B138
A139,B139
A140,B140
A141,B141
A142,B142
A143,B143
A144,B144
A145,B145
A146,B146
A147,B147
A148,B148
A149,B149
A150,B150
A151,B151
A152,B152
A153,B153
A154,B154
A155,B155
A156,B156
A157,B157
A158,B158
A159,B159
A160,B160
A161,B161
A162,B162
A163,B163
A164,B164
A165,B165
A166,B166
A167,B167
A168,B168
A169,B169
A170,B170
A171,B171
A172,B172
A173,B173
A174,B174
A175,B175
A176,B176
A177,B177
A178,B178
A179,B179
A180,B180
A181,B181
A182,B182
A183,B183
A184,B184
A185,B185
A186,B186
A187,B187
A188,B188
A189,B189
A190,B190
A191,B191
A192,B192
A193,B193
A194,B194
A195,B195
A196,B196
A197,B197
A198,B198
A199,B199
A200,B200
A201,B201
A202,B202
A203,B203
A204,B204
A205,B205
A206,B206
A207,B207
A208,B208
A209,B209
A210,B210
A211,B211
A212,B212
A213,B213
A214,B214
A215,B215
A216,B216
A217,B217
A218,B218
A219,B219
A220,B220
A221,B221
A222,B222
A223,B223
A224,B224
A225,B225
A226,B226
A227,B227
A228,B228
A229,B229
A230,B230
A231,B231
A232,B232
A233,B233
A234,B234
A235,B235
A236,B236
A237,B237
A238,B238
A239,B239
A240,B240
A241,B241
A242,B242
A243,B243
A244,B244
A245,B245
A246,B246
A247,B247
A248,B248
A249,B249
A250,B250
A251,B251
A252,B252
A253,B253
A254,B254
A255,B255
A256,B256
A257,B257
A258,B258
A259,B259
A260,B260
A261,B261
A262,B262
A263,B263
A264,B264
A265,B265
A266,B266
A267,B267
A268,B268
A269,B269
A270,B270
A271,B271
A272,B272
A273,B273
A274,B274
A275,B275
A276,B276
A277,B277
A278,B278
A279,B279
A280,B280
A281,B281
A282,B282
A283,B283
A284,B284
A285,B285
A286,B286
A287,B287
A288,B288
A289,B289
A290,B290
A291,B291
A292,B292
A293,B293
A294,B294
A295,B295
A296,B296
A297,B297
A298,B298
A299,B299
A300,B300
A301,B301
A302,B302
A303,B303
A304,B304
A305,B305
A306,B306
A307,B307
A308,B308
A309,B309
A310,B310
A311,B311
A312,B312
A313,B313
A314,B314
A315,B315
A316,B316
A317,B317
A318,B318
A319,B319
A320,B320
A321,B321
A322,B322
A323,B323
A324,B324
A325,B325
A326,B326
A327,B327
A328,B328
A329,B329
A330,B330
A331,B331
A332,B332
A333,B333
A334,B334
A335,B335
A336,B336
A337,B337
A338,B338
A339,B339
A340,B340
A341,B341
A342,B342
A343,B343
A344,B344
A345,B345
A346,B346
A347,B347
A348,B348
A349,B349
A350,B350
A351,B351
A352,B352
A353,B353
A354,B354
A355,B355
A356,B356
A357,B357
A358,B358
A359,B359
A360,B360
A361,B361
A362,B362
A363,B363
A364,B364
A365,B365
A366,B366
A367,B367
A368,B368
A369,B369
A370,B370
A371,B371
A372,B372
A373,B373
A374,B374
A375,B375
A376,B376
A377,B377
A378,B378
A379,B379
A380,B380
A381,B381
A382,B382
A383,B383
A384,B384
A385,B385
A386,B386
A387,B387
A388,B388
A389,B389
A390,B390
A391,B391
A392,B392
A393,B393
A394,B394
A395,B395
A396,B396
A397,B397
A398,B398
A399,B399
A400,B400
A401,B401
A402,B402
A403,B403
A404,B404
A405,B405
A406,B406
A407,B407
A408,B408
A409,B409
A410,B410
A411,B411
A412,B412
A413,B413
A414,B414
A415,B415
A416,B416
A417,B417
A418,B418
A419,B419
A420,B420
A421,B421
A422,B422
A423,B423
A424,B424
A425,B425
A426,B426
A427,B427
A428,B428
A429,B429
A430,B430
A431,B431
A432,B432
A433,B433
A434,B434
A435,B435
A436,B436
A437,B437
A438,B438
A439,B439
A440,B440
A441,B441
A442,B442
A443,B443
A444,B444
A445,B445
A446,B446
A447,B447
A448,B448
A449,B449
A450,B450
A451,B451
A452,B452
A453,B453
A454,B454
A455,B455
A456,B456
A457,B457
A458,B458
A459,B459
A460,B460
A461,B461
A462,B462
A463,B463
A464,B464
A465,B465
A466,B466
A467,B467
A468,B468
A469,B469
A470,B470
A471,B471
A472,B472
A473,B473
A474,B474
A475,B475
A476,B476
A477,B477
A478,B478
A479,B479
A480,B480
A481,B481
A482,B482
A483,B483
A484,B484
A485,B485
A486,B486
A487,B487
A488,B488
A489,B489
A490,B490
A491,B491
A492,B492
A493,B493
A494,B494
A495,B495
A496,B496
A497,B497
A498,B498
A499,B499
A500,B500
A501,B501
A502,B502
A503,B503
A504,B504
A505,B505
A506,B506
A507,B507
A508,B508
A509,B509
A510,B510
A511,B511
A512,B512
A513,B513
A514,B514
A515,B515
A516,B516
A517,B517
A518,B518
A519,B519
A520,B520
A521,B521
A522,B522
A523,B523
A524,B524
A525,B525
A526,B526
A527,B527
A528,B528
A529,B529
A530,B530
A531,B531
A532,B532
A533,B533
A534,B534
A535,B535
A536,B536
A537,B537
A538,B538
A539,B539
A540,B540
A541,B541
A542,B542
A543,B543
A544,B544
A545,B545
A546,B546
A547,B547
A548,B548
A549,B549
A550,B550
A551,B551
A552,B552
A553,B553
A554,B554
A555,B555
A556,B556
A557,B557
A558,B558
A559,B559
A560,B560
A561,B561
A562,B562
A563,B563
A564,B564
A565,B565
A566,B566
A567,B567
A568,B568
A569,B569
A570,B570
A571,B571
A572,B572
A573,B573
A574,B574
A575,B575
A576,B576
A577,B577
A578,B578
A579,B579
A580,B580
A581,B581
A582,B582
A583,B583
A584,B584
A585,B585
A586,B586
A587,B587
A588,B588
A589,B589
A590,B590
A591,B591
A592,B592
A593,B593
A594,B594
A595,B595
A596,B596
A597,B597
A598,B598
A599,B599
A600,B600
A601,B601
A602,B602
A603,B603
A604,B604
A605,B605
A606,B606
A607,B607
A608,B608
A609,B609
A610,B610
A611,B611
A612,B612
A613,B613
A614,B614
A615,B615
A616,B616
A617,B617
A618,B618
A619,B619
A620,B620
A621,B621
A622,B622
A623,B623
A624,B624
A625,B625
A626,B626
A627,B627
A628,B628
A629,B629
A630,B630
A631,B631
A632,B632
A633,B633
A634,B634
A635,B635
A636,B636
A637,B637
A638,B638
A639,B639
A640,B640
A641,B641
A642,B642
A643,B643
A644,B644
A645,B645
A646,B646
A647,B647
A648,B648
A649,B649
A650,B650
A651,B651
A652,B652
A653,B653
A654,B654
A655,B655
A656,B656
A657,B657
A658,B658
A659,B659
A660,B660
A661,B661
A662,B662
A663,B663
A664,B664
A665,B665
A666,B666
A667,B667
A668,B668
A669,B669
A670,B670
A671,B671
A672,B672
A673,B673
A674,B674
A675,B675
A676,B676
A677,B677
A678,B678
A679,B679
A680,B680
A681,B681
A682,B682
A683,B683
A684,B684
A685,B685
A686,B686
A687,B687
A688,B688
A689,B689
A690,B690
A691,B691
A692,B692
A693,B693
A694,B694
A695,B695
A696,B696
A697,B697
A698,B698
A699,B699
A700,B700
A701,B701
A702,B702
A703,B703
A704,B704
A705,B705
A706,B706
A707,B707
A708,B708
A709,B709
A710,B710
A711,B711
A712,B712
A713,B713
A714,B714
A715,B715
A716,B716
A717,B717
A718,B718
A719,B719
A720,B720
A721,B721
A722,B722
A723,B723
A724,B724
A725,B725
A726,B726
A727,B727
A728,B728
A729,B729
A730,B730
A731,B731
A732,B732
A733,B733
A734,B734
A735,B735
A736,B736
A737,B737
A738,B738
A739,B739
A740,B740
A741,B741
A742,B742
A743,B743
A744,B744
A745,B745
A746,B746
A747,B747
A748,B748
A749,B749
A750,B750
A751,B751
A752,B752
A753,B753
A754,B754
A755,B755
A756,B756
A757,B757
A758,B758
A759,B759
A760,B760
A761,B761
A762,B762
A763,B763
A764,B764
A765,B765
A766,B766
A767,B767
A768,B768
A769,B769
A770,B770
A771,B771
A772,B772
A773,B773
A774,B774
A775,B775
A776,B776
A777,B777
A778,B778
A779,B779
A780,B780
A781,B781
A782,B782
A783,B783
A784,B784
A785,B785
A786,B786
A787,B787
A788,B788
A789,B789
A790,B790
A791,B791
A792,B792
A793,B793
A794,B794
A795,B795
A796,B796
A797,B797
A798,B798
A799,B799
A800,B800
A801,B801
A802,B802
A803,B803
A804,B804
A805,B805
A806,B806
A807,B807
A808,B808
A809,B809
A810,B810
A811,B811
A812,B812
A813,B813
A814,B814
A815,B815
A816,B816
A817,B817
A818,B818
A819,B819
A820,B820
A821,B821